1,"[0, 41]"
2,"[0, 41]"
3,"[0, 41]"
4,"[0, 41]"
5,"[0, 41]"
6,"[0, 41]"
7,"[0, 41]"
8,"[0, 41]"
9,"[0, 41]"
10,"[0, 41]"
11,"[0, 41]"
12,"[0, 41]"
13,"[0, 41]"
14,"[0, 41]"
15,"[0, 41]"
16,"[0, 41]"
17,"[0, 41]"
18,"[0, 41]"
19,"[0, 41]"
20,"[0, 41]"
21,"[0, 41]"
22,"[0, 41]"
23,"[0, 41]"
24,"[0, 41]"
25,"[0, 41]"
26,"[0, 41]"
27,"[0, 41]"
28,"[0, 41]"
29,"[0, 41]"
30,"[0, 41]"
31,"[0, 41]"
32,"[0, 41]"
33,"[0, 41]"
34,"[0, 41]"
35,"[0, 41]"
36,"[0, 41]"
37,"[0, 41]"
38,"[0, 41]"
39,"[0, 41]"
40,"[0, 41]"
41,"[0, 41]"
42,"[0, 41]"
43,"[0, 41]"
44,"[0, 41]"
45,"[0, 41]"
46,"[0, 41]"
47,"[0, 41]"
48,"[0, 41]"
49,"[0, 41]"
50,"[0, 41]"
51,"[0, 41]"
52,"[0, 41]"
53,"[0, 41]"
54,"[0, 41]"
55,"[0, 41]"
56,"[0, 41]"
57,"[0, 41]"
58,"[0, 41]"
59,"[0, 41]"
60,"[0, 41]"
61,"[0, 41]"
62,"[0, 41]"
63,"[0, 41]"
64,"[0, 41]"
65,"[0, 41]"
66,"[0, 41]"
67,"[0, 41]"
68,"[0, 41]"
69,"[0, 41]"
70,"[0, 41]"
71,"[0, 41]"
72,"[0, 41]"
73,"[0, 41]"
74,"[0, 41]"
75,"[0, 41]"
76,"[0, 41]"
77,"[0, 41]"
78,"[0, 41]"
79,"[0, 41]"
80,"[0, 41]"
81,"[0, 41]"
82,"[0, 41]"
83,"[0, 41]"
84,"[0, 41]"
85,"[0, 41]"
86,"[0, 41]"
87,"[0, 41]"
88,"[0, 41]"
89,"[0, 41]"
90,"[0, 41]"
91,"[0, 41]"
92,"[0, 41]"
93,"[0, 41]"
94,"[0, 41]"
95,"[0, 41]"
96,"[0, 41]"
97,"[0, 41]"
98,"[0, 41]"
99,"[0, 41]"
100,"[0, 41]"
101,"[0, 41]"
102,"[0, 41]"
103,"[0, 41]"
104,"[0, 41]"
105,"[0, 41]"
106,"[0, 41]"
107,"[0, 41]"
108,"[0, 41]"
109,"[0, 41]"
110,"[0, 41]"
111,"[0, 41]"
112,"[0, 41]"
113,"[0, 41]"
114,"[0, 41]"
115,"[0, 41]"
116,"[0, 41]"
117,"[0, 41]"
118,"[0, 41]"
119,"[0, 41]"
120,"[0, 41]"
121,"[0, 41]"
122,"[0, 41]"
123,"[0, 41]"
124,"[0, 41]"
125,"[0, 41]"
126,"[0, 41]"
127,"[0, 41]"
128,"[0, 41]"
129,"[0, 41]"
130,"[0, 41]"
131,"[0, 41]"
132,"[0, 41]"
133,"[0, 41]"
134,"[0, 41]"
135,"[0, 41]"
136,"[0, 41]"
137,"[0, 41]"
138,"[0, 41]"
139,"[0, 41]"
140,"[0, 41]"
141,"[0, 41]"
142,"[0, 41]"
143,"[0, 41]"
144,"[0, 41]"
145,"[0, 41]"
146,"[0, 41]"
147,"[0, 41]"
148,"[0, 41]"
149,"[0, 41]"
150,"[0, 41]"
151,"[0, 41]"
152,"[0, 41]"
153,"[0, 41]"
154,"[0, 41]"
155,"[0, 41]"
156,"[0, 41]"
157,"[0, 41]"
158,"[0, 41]"
159,"[0, 41]"
160,"[0, 41]"
161,"[0, 41]"
162,"[0, 41]"
163,"[0, 41]"
164,"[0, 41]"
165,"[0, 41]"
166,"[0, 41]"
167,"[0, 41]"
168,"[0, 41]"
169,"[0, 41]"
170,"[0, 41]"
171,"[0, 41]"
172,"[0, 41]"
173,"[0, 41]"
174,"[0, 41]"
175,"[0, 41]"
176,"[0, 41]"
177,"[0, 41]"
178,"[0, 41]"
179,"[0, 41]"
180,"[0, 41]"
181,"[0, 41]"
182,"[0, 41]"
183,"[0, 41]"
184,"[0, 41]"
185,"[0, 41]"
186,"[0, 41]"
187,"[0, 41]"
188,"[0, 41]"
189,"[0, 41]"
190,"[0, 41]"
191,"[0, 41]"
192,"[0, 41]"
193,"[0, 41]"
194,"[0, 41]"
195,"[0, 41]"
196,"[0, 41]"
197,"[0, 41]"
198,"[0, 41]"
199,"[0, 41]"
200,"[0, 41]"
201,"[0, 41]"
202,"[0, 41]"
203,"[0, 41]"
204,"[0, 41]"
205,"[0, 41]"
206,"[0, 41]"
207,"[0, 41]"
208,"[0, 41]"
209,"[0, 41]"
210,"[0, 41]"
211,"[0, 41]"
212,"[0, 41]"
213,"[0, 41]"
214,"[0, 41]"
215,"[0, 41]"
216,"[0, 41]"
217,"[0, 41]"
218,"[0, 41]"
219,"[0, 41]"
220,"[0, 41]"
221,"[0, 41]"
222,"[0, 41]"
223,"[0, 41]"
224,"[0, 41]"
225,"[0, 41]"
226,"[0, 41]"
227,"[0, 41]"
228,"[0, 41]"
229,"[0, 41]"
230,"[0, 41]"
231,"[0, 41]"
232,"[0, 41]"
233,"[0, 41]"
234,"[0, 41]"
235,"[0, 41]"
236,"[0, 41]"
237,"[0, 41]"
238,"[0, 41]"
239,"[0, 41]"
240,"[0, 41]"
241,"[0, 41]"
242,"[0, 41]"
243,"[0, 41]"
244,"[0, 41]"
245,"[0, 41]"
246,"[0, 41]"
247,"[0, 41]"
248,"[0, 41]"
249,"[0, 41]"
250,"[0, 41]"
251,"[0, 41]"
252,"[0, 41]"
253,"[0, 41]"
254,"[0, 41]"
255,"[0, 41]"
256,"[0, 41]"
257,"[0, 41]"
258,"[0, 41]"
259,"[0, 41]"
260,"[0, 41]"
261,"[0, 41]"
262,"[0, 41]"
263,"[0, 41]"
264,"[0, 41]"
265,"[0, 41]"
266,"[0, 41]"
267,"[0, 41]"
268,"[0, 41]"
269,"[0, 41]"
270,"[0, 41]"
271,"[0, 41]"
272,"[0, 41]"
273,"[0, 41]"
274,"[0, 41]"
275,"[0, 41]"
276,"[0, 41]"
277,"[0, 41]"
278,"[0, 41]"
279,"[0, 41]"
280,"[0, 41]"
281,"[0, 41]"
282,"[0, 41]"
283,"[0, 41]"
284,"[0, 41]"
285,"[0, 41]"
286,"[0, 41]"
287,"[0, 41]"
288,"[0, 41]"
289,"[0, 41]"
290,"[0, 41]"
291,"[0, 41]"
292,"[0, 41]"
293,"[0, 41]"
294,"[0, 41]"
295,"[0, 41]"
296,"[0, 41]"
297,"[0, 41]"
298,"[0, 41]"
299,"[0, 41]"
300,"[0, 41]"
